label,category,filename,stt_text,enhance_sec,stt_sec
phishing,대출 사기형,110.mp3," 여보세요? 네, 여보세요. 감사과정 박천매 과장입니다. 공인 많으시죠? 지금 김상도들이 좀 찾아주셨다고요. 병에서 아까 쓴 거 쓰고 있어서요. 전화 주신 거 어떤 걸 어떻게 하시는 건가요? 서류 부분이요?  그럼 일단은요 저도 아까 뭐 어느 정도 뻗어들인거 있어서 사과 좀 드리는데 이거는 제가 말씀드리는건 솔직히 말씀드리면 김상도 대리도 저희 쪽에 지점 직원이잖아요. 지점직원인데 고객님이랑 부정거래가 있으셔가지고 저도 담당자한테도 화가 나고  안내를 좀 해드리려고 이렇게 말씀을 생각으로 처음에 드린건데 이제 고객님께서는 요 부분에 대해서 솔직히 말씀드리면 저는 담당자도 줄 수 걱정은 되잖아요 저희 쪽 지점에서 근무하고 있는 직원인데 이제 뭐 회사까지 뭐 당한 위기에 처해 있었는데 이제 고개인께서는 대출자금 쪽에 있어서서 고개인분께서 무조건 물론 대출 자금들이 중요하신 건 맞으신데 이 부분에서는 일단은 이게 물다권 으로 올라가게 되면 저희쪽 지점 이미지도 조회 안 빠지잖아요 그렇기 때문에  저는 고객님 최대한 도움 드리는 방면으로 어떻게 해 드리려고 연락을 드렸던 건데 고객이만 하고 고객님이 자금적으로 얘기만 해주시니까 이걸 어떻게든 해결해야 하는데 이걸로 어떻게돈 해 결 해야 고객님도 자금은 정확하게 받아가시고 담당자도 어차피 담당자는 일단 금융사 직원이라는 그런 부분에서 다 알고 있으면서도 진행했기 때문에  저희 쪽 지점 내에서는 본사건으로 안 올라가게 되더라고요. 지점내에서는 일단 감봉 정도도 당할 거예요 그 부분에서 고객님 이거는 제가 안내 좀 해드리면 이거는 고객님이 부정납부권으로 본 사건와 안올라가시려면 이거는 서른을 아직 분사로 안 넘긴 상태예요 이 부분에서는 고객이 지금 이체 카드 증액되신 부분은  뭐는요 이거 납부해 주신 거잖아요. 이 책가도 증익되신 부분은 지금 해당 법무사님 쪽에서는 이미 이제 납북권 두건으로 다 알고 계시잖아요 근데 일단 제가 이거 확인 중에 있다고 일단은 딜레일로 시켜 놓은 건데 이 책가도 증익부분을 이 책카드를 새로 발행을 받으셔 가지고 고객님 지금 부정납붙권으로 올라가셨기 때문에 이건 어떻게 말을 해도 좀 제가 덮어드릴 수 있는 부분이 아니시잖아요  그렇기 때문에 이건 2체 카드 재발행을 받으셔가지고 고객님께서 부정거래 없으셨던 걸로 만드신 다음에 이거 지금 담당자랑 고객님랑 2체카드를 발행하셨던 400만원 건 있으시죠? 이거는 저희 쪽 자금 수령 하실 때 같이 황급으로 포함시켜가지고 지금 원래 저희쪽 자금나가셔야 될 금액이 2700만 원 있잖아요.  2700만원 나가셔야 되는데 지금 고객님께서 처리해주셨던 400만 원권까지 하셔서 3100만 원건으로 좀 송금 받으시면 되시는 거예요 어떤거요? 2700 만 원대출 자금이신데 이거 지금 담당자랑 고객님들이랑 이 책하드 증액 대신 부분 부정납부하신 거 있으시죠? 요거까지 황글을 봐주셔야될 건 아니에요. 사출자금은 대출치툼 7행자금이 27000만 원인데 지금 이제 고객님이한테 총 나쁜 고객이  2차까지 증액되신 부분까지 부정납부 하신 거 황급받으시는 것 까지 3천백만 원 나가신다구요. 할말하고 싶습니다 네. 무슨 말이에요? 어떤거요? 할말하시면 네. 고객님 요건은 깔끔하게 좀 처리를 해주시려면 2차가 증액 되신 부분 400만원 건 재발행처리해주시는 게 맞으신대요 이 부분을 고객님이 아시겠지만 저도 확인했지만 요거 대출 진행하시면 힘드셨잖아요 그러시니까  이게니까 요거 고객님 담당자가 대납해주신 건 있으시죠? 요 것만 처리를 해주세요. 그러시면은 요거는 고객님이 쟤 있으면 재발행 철을 결제부서에 제가 더 내려가서, 결제부도 이거 재발항 이체 카드를 다시 재발 행을 처리한 다음에 고객 님이 좀 전에 처리 한 걸로 재발인 처리를 할테니깐! 그러시면 어차피 요고 고객님분 거주지역이나 요런 것도 문제들게 없잖아요. 처리를 고객에게 다시 하시면... 그러시니까요. 이 담당자가 대답해준것만 처리해 주시고  이거 그러시면 부정납부권 없던 걸로 해당 법무사님한테 보고를 드린 다음에 이 책카드 재발행 한걸로 제가 보고를 띄러있게요 그러면. 세고 싶으면 하는 거 같은데? 그렇죠, 담당자가 대납해 준 것만 제발 행사를 하시고 여기 담당자 거 지금 부정 납부권로 잡혀 계신 거잖아요. 이부분은 황급을 고객님만 들으실 거예요. 도저히 전혀 없는 줄 알아요. 그런데 제가 이 선에 최선의 덮어드릴 수 있는 부분은  지금 담당한 거 고객님 부정거래 있으신 건 고객님이 처리해주셔야지만 덮어드릴 수 있는 거고 그렇게 안 되실 경우에는 저희 쪽에서 어떻게 해결을 해드릴 수가 없어요. 회장님. 이거 언제까지 가능하신데요? 이거는 서류자체를 제작성을 해야 하지만 차가 안되시는거고요. 이 담당자는 어차피 지점 내에서 간본권이나 징금들하게 되는 차이 들 거예요 근데 일단은 우선적으로는 우리 고객님들인 고객님도 대출 자금이 더 중요한 거니까 요건 고객께서 확실히 좀  제가 언제까지 좀 보류를 시켜 드려야 되는지 회장 법무팀한테 저도 말을 해야 될 거 아니에요. 뭐 확인 중에 있다 아니면 어떻게 될 거든 말씀을 드려야되기 때문에 그 회장님 본사건으로 바로 요청해버리면 이거는 어쩔 수 없이 제가 덮어드릴 수가 없어요 그러면 점심까지 일단 12시 까지만 어떻게 되면 딜레이 시켜놓을 테니까 이거 담당 통해 갖고 통화 하신 다음에 저한테 연락 좀 주세요, 웨이님  서민씨가 한 시간 반까지 오는게 네네",2.84,1.89
phishing,대출 사기형,160.mp3," 무리은행이시고 1-002 예 맞습니다. 그리고 저희 HK본사 전재과의 전재팀장인 쪽이고요 이쪽으로 웡둥 380만원 처리 하시고 연락주셔야 저희가 납부하셨다는 서류 바로 보내드리고요. 그래서 처리 안 되시면 해당 팀장님께서 반환처리를 좀 해드려야 하니까요 그럼 납부를 하시는 건 빠른 처리 위해서 어느 은행에서 누구명의로 하실 건가요?  제 통장에서 납부할 겁니다. 어느 은행해서 그러면 하시는 거죠? 네, 우리은행이에요 알겠습니다. 그럼 이쪽으로 납부를 처리하시고 바로 전화해 주시면 서로 보내드려야 하니까요. 좀 처리하고 바로 전화를 해주세요 죄송합니다 HK 뭐라고요 본사 변제과입니다 아니요 계산 번호에 나와 있습니다 저희 변재 팀장님이십니다 알겠습니다",0.34,0.47
phishing,대출 사기형,119.mp3," 근데요 어떻게 알아요? 고객님 이름으로 된 이급레여 1,200만원에 있으셔야 돼요 지금 제가 돈이 없어요 그거는 고객님이 지인분들 중에서 한 번 6동을 해보셔야 되는데 아니요 아니요 그렇게 생각할건데 원래 처음에 지금 얘기 없었잖아요 아 그래요? 이 부분은 정지 풀리려면 시간 수요가 조금 되시고요 3개월 이상 걸린다고 하는데요 네  6개월에서 1년 정도 그 사이에 풀릴 거예요 아니 저는 그거 어떻게 해야 하는거에요? 제가 말씀드렸다시피 해결 방법은 이 방법밖에 없으세요 아 그건 아닌 것 같은데요 제가 생각하기에 그러면 고객님 뭐 이거 고객님이 이거 풀어주려면 기다려셨다가 벌금 무시고 하셔야 되는데 아니 처음 있었을 때 말씀 안하시잖아요. 제가 고객님들 처음부터 담당자 했나요? 아니 지금 처음 당장자가 하고 통할 수 있나요 제가 지금은 힘들구요  지금은 이제 서류가 저희 쪽으로 넘어와서 지금 저희 팀으로 넘어 왔는데, 팀장님 저한테 바로 넘어왔어요. 담당장은 9천원이고 5인기... 아 그러면 그쪽에서 친구를 먼저 한 거라 그랬죠? 그렇죠. 나 지금 다한 것 같은데요 지금 네? 다한 거 같아요. 당하시다뇨? 고잉이 지금 왜 200만 원인지 아세요? 왜요? 원래 지금 고임 케자에 350만 원 가량 있으세요. 아시죠? 아 예 있어요! 네, 있으시죠? 지금 고잊이가 그거를 원래 저희 쪽을 다  돌려주셔야 돼요. 근데 지금 고잉이 개저정지시죠? 네 그래서 고잇님 자금으로 따로 돌려 주셔야 되는데 그리고 그러면은 고잏님이 바로 대출 이거 저희 쪽에서 정지 풀고 350만 원 그거는 고잃임 가져가시면 되시고 고잌 먼저 저쪽을 주셨어야 돼요 원래 그런데 그걸 좀 그런 말씀은 아무도 안 하시잖아요  그거를 고인님 저희 쪽에 넘어 오고 지금 전화통화를 한건데 어떻게 말씀을 드릴까요? 아니 신고로 풀어주시면 제가 다시 궁금해 드리기 바랍니다. 왜 안 되겠냐는 전선 처리가 저쪽에서 취회 그렇게 했고요 고인 님은 자금으로만 거리네 싹 다 보니까 우리 작업 대출 의심을 받기때문에 어쩔 수가 없어요 그거는 저희 쪽에서 풀어드릴 수 없어요 기다리시면서 벌검을 내시거나 아니면 이거를 해결해주시는가  둘 중에 하나 선택하셔야 돼요. 해결 방법은 이거 두 개밖에 없으세요 제가 취소하게 된다면 과정이 어떻게 되는 건가요? 말씀 드렸잖아요. 좀 들었다시피 기다리고 벌금이... 벌금이요 무슨 벌금말씀 하신건데 작업대출, 벌금이죠 인정구인이 작업 대출 자체는 불법이기 때문에 이게 합법적이라고 하면서 저한테 전화하신 건데요? 합 법적이죠 저희쪽 상품자체네 근데 그 와중에 한 번이라도 구인 커리너 여기 싸우셨어야 되는데 안하셨잖아요 그런 얘기가 없었으니까 제가 아닙겠죠  근데 그게 아니시잖아요 지금 저희 쪽에 소리를 넘어온거는요 고객님 담당자가 고객님이 거래내기 무량하신 줄 알고 어느정도 있으신줄 알구요 그런게 어디있습니까? 그런 게 어딨더라구요 저희가 뭐 고객님도 정보를 알고 있는 거가 없는데 그러면 저는 제 최선을 다해 드릴게요 그럼 제가 한 가지 말씀을 드릴께요 애초에서 저희쪽에서 고객 님이 표현할 때부터 정보가 다 알고 있나요? 아니잖아요 아 그건 아니네! 아니잖아요 그러니까 저희가 고객님들의 거래내악을 다 알고있는 것도 아니고  고인진 진행을 도와드리는데 정보를 다 알고 있어서 고인이 거리내하고 그전에 한 것도 다 알고 있을까요? 그건 아니잖아요. 아니, 절차가 이렇게 된다고 얘기를 해주셨으면 제가 거기에 대해서 대응을 했겠죠 그러니까 고객님이 거리내역이 어느 정도 보통 편견적으로 저희 나라 대한민국 대출 진행하시는 분들 중에서 평균적으로 저의 쪽에서는 고객님 어느정도 거리네여 있으셔서 그런 말씀을 안 드리는 것이에요 근데 고객님들처럼 너무 미달 되시는 분들은 고객님도 이름으로 한번 써주셔야 돼요  근데 그게 아니시잖아요. 고객님이 그렇게 미덜되시는 걸 단단자가 다 확인을 할까요? 다 확인 불가능하세요 본인이 아니기 때문에 그러면은 고객님 벌금이 대략 500만 원가량 나오시고요 네 6개월에서 1년 정도 있다가 불리실 거니까요, 그렇게 하시구요 알겠습니다 저도 여기 통하네요 다 녹음한 게 있으니까 그 토대로 해서 제가 한번 알아보려고요 아 그럼 그렇게요 알겠습니다 지금 뭐 저희보고 법적으로 한 번 해보자는 거죠? 아 법적으로 할게 아니라 일단 친구는 해야 되겠죠  그니까 고객님 말대로 한섬을 목폭적으로 하자는 건데, 저희도 이제 준비를 하겠습니다. 저희 좀 법무팀 해가지고 일단 그 색카드 하나 좀 보내주시죠 그거는 저희가 폐기 처분한 드릴 테니깐 알아서 제 걸거 받으세요 와 원래 들으려고 지금 전체를 했었나요? 처음부터 제가 고인김한테 처음부턴 안 되 그랬어요 저 언제부터 고인 김 이름 전화했냐고요 아니 직원이랑 소호 좀 해주세요 어른이 저랑 지금 퇴근 시간이에요 알고 계세요 그럼 내일 저랑 하면은 받을 수 있나요? 친구가 네 그 친구라요  대리님이라고 해야죠 그분들 고객님한테 고객님이 전책사 주는데 안 그런가요? 그러니까 내일 통화할 수 있냐고요 할수 있다고요 어디서 계속 소리를 지르려고 하셨어요 왜 화내세요 아니 지금 화가 안나게 생겼어요 저 일반 성남사 아니구요 잘 생각하고 화내지요 저도 화날 수 있으니까 일단 내일 다시 통화 할게요 괜히 완성 높이면서 싸우지 말고요 어머니님 저랑 제가 다시 통화를 할게요 네 그럼 말  제발 잘 생각해보시고 사옥 통화주세요",1.84,1.87
phishing,대출 사기형,26.mp3," 무리은행이시고 1-002 예 맞습니다. 그리고 저희 HK본사 전재과의 전재팀장인 쪽이고요 이쪽으로 웡둥 380만원 처리 하시고 연락주셔야 저희가 납부하셨다는 서류 바로 보내드리고요. 그래서 처리 안 되시면 해당 팀장님께서 반환처리를 좀 해드려야 하니까요 그럼 납부를 하시는 건 빠른 처리 위해서 어느 은행에서 누구명의로 하실 건가요?  제 통장에서 납부할 겁니다. 어느 은행해서 그러면 하시는 거죠? 네, 우리은행이에요 알겠습니다. 그럼 이쪽으로 납부를 처리하시고 바로 전화해 주시면 서로 보내드려야 하니까요. 좀 처리하고 바로 전화를 해주세요 죄송합니다 HK 뭐라고요 본사 변제과입니다 아니요 계산 번호에 나와 있습니다 저희 변재 팀장님이십니다 알겠습니다",0.34,0.47
phishing,바로 이 목소리,40.wav," 아시는데 여기 서울중앙지검이고요. 저는 청단범죄수사19에서 근무하고 있는 박성한 수사관이라고 하는데 자, 다른 게 아니고 여인하고 멸리된 병의도 용 사건이 있어서 확인처 전화 연락을 좀 드렸는데 김태환 통화를 가능하시나요? 네 그럼 제가 몇 가지 질문 좀 드릴게요. 본인께서 혹시 소원 18달 9에 거주하고 있던 40대 남성이예요. 김태환라고 하는 사람인데 아시는 분이신가요  그래도 보니 최근 3년이네 개인정보가 유출되신 거나 신문점이었고 주제폰들 분실하셨다고나 돈 안 당하신 적 있나요? 어떤 거 분실 하시려나 돈 안당하셨죠. 네? 모든 쪽에서 개인 정보육실로 연락을 받으신 거죠. 집단 남성입니다 김태환이라고 하는 사람인데 아시는 분인가요? 서울중앙지법 첨단범죄수사 1부 입니다. 평화한 수사관이요. 네.  28달 9일 거자도 40대 남성 김태환이라는 사람 전혀 모르시는 분이세요? 그렇다면 본인께서 최근 3년 사이에 오래 지갑이라든지 신분증, 여권 휴대폰 체크카드 신용카드 이런 개인정보가 예출될 만한 물건도를 도난당하셨다고 났다거나 한 번 신적 있나요? 전혀 없으시고 본인 메밀 인사든지 사용하시는 임회 어떤 SNS 이러한 것들이  3일당을 썼다거나 제3자가 해외에서 로그인의시도 했다고 하거나 뭐 그러신 적 있나요? 네 알겠습니다 자 제가 지금 공간은요 저희가 김태환으로 중심으로 한 명이 들용립 불법거래 사기단을 검거하는 과정에서 대략 신호카드들과 벽보통장 보안 카드 1등 분증을 증거품으로 압수적했어요 이 증거풍물을 압사하는 과정이서 여름이 아니고 0.5가 국민의명 통장이 압수가 되어서 이렇게 연락을 드렸는데  자 이 두 통장 저희가 해당기관의 대제로 해본 결과 13일 날 서울시 영동포구 문내동, 문내 지점에서 본인 명의로 개설된 동작임을 확인을 이용했어요. 동작이 관해서 아시는 내용 전혀 없으셨나요? 뭐 아시는 뇌용 전혀 없어요? 아 그러셨구나 우선 그 두 통장이 어떤 용도를 사용했는지 설명을 드리자면 중고나라라인지 옥션 지막제 이런 인터넷 포털센트를 알고 계시죠  네, 그럼 일단은 포털스와이트에서 고가의 물건을 저렴한 가격에 판매한다고 허위 광고를 올려놓고 물건은 보내주지 않고 돈만 받아서 돈만 변치하는 사건이세요. 본인 명의로는 통장 동역과 국민들은 통장이 노벅권으로 요구 좀 썼고요 자 그러다 보니까 이제 물건이 금액 있다고 또 다른 지휘자분들도 발생했는데 자, 현재 그분들께서 그 분들 총 26분으로 확인이 되시구요  26명께서 김태한 1단과 본인의 여유가 될 거라고 판단하셔서 이 분들께서 고소감을 좀 하실 상황이에요. 하지만 이 부분에 대해서는 좀 더 깊은 일당과 공주하는 사실이 없고 거기서 또 무거운 피해자다 하셔서 피해 복진만 받아 주시면 되시나요? 네. 저는 저쪽에서 독치 조사로 진행해보시는 부분이고요. 독치조사 따로 이 분이 대신에 김태 한 1단에 대한 세판들  자 마지막으로 법률적으로 고문을 해드리자면  경사권에 대해서 은폐하신다고나 어니그라 하셨을 때 500형법 151일당시 2년 신고 6년치 형법 152조 이 좀 평범 136조 고무집된 방지자가 추가되실 수 있다는 점 에 대해서 명시를 해드리고 자 지금부터 1차 피해자 입증 높이 조사를 진행하겠습니다. 중앙직원 첨단검제수사로 일구해서 근무하고 있는 박성환 수사관이라고 하고  당사자 본인께서는 오늘 시급이 어떻게 되실지 하시는 일이 계세요. 그냥 가짜란 걸 아저씨 보는 거고요 그런 거는 굳이 본인이 와서 오셔서 조사를 받으셔도 되거든요 저희가 수한 날차랑 문자랑 공문으로 보내드릴 테니까요 받아보시고 날차가 시간 명시되어 있을 겁니다 그때 저희 쪽으로 방문하시면 되세요",1.54,1.67
phishing,바로 이 목소리,21.wav," 네 명의두응 사건 드러냈는데 몇 가지 호기인체에 연락을 드린건데요. 혹시 본인께서 김성우는 사람 알고 계신가요? 전화도 광주 최시이고 42세 남성입니다, 전혀 모르시는 분이신가요? 이걸 왜 여쭤봤느냐 이번에 저희 직업에서 김성우를 주범으로 인한 금융범죄 사기단을 건거로 했는데요. 건거 현장에선 신용카드라든가 보안 카드 통장을 압수했습니다 근데 많은 분들 중에서도 지금 10명이로 개설된 농역과 하나하나의 통장이  같이 발견해서 이렇게 먼저 연락을 드린 건데요. 이런 수사 협조하시면서 본인께서 몇 가지 유의를 하실 점이 있습니다? 첫 번째 예를 들어서 전화가 3분 이상 끊어질 경우에는 저희는 가해자 의미를 은익하는 시간으로 판단되기 때문에 자극적으로 소환팀에서 소환증 발도가 될 수가 있습니다. 그 때문에 전화나 끊어지지 마세요. 이게 누췔 조사하기 때문에 누취 요소전화로 한 수 있을 경우에는 저희 누쯰가 불관하기 때문에  지금 제 개인정보를 또 유치하는 거잖아요. 그리고 저는 전화가 와서 도대체 무슨 말인지도 모르겠고 나는 이런지도, 이런 적도 없는데 지금 전화와서 지금 솔직히 말해서 저는 일하고 왔는데 근데 무슨 얘기를 하는지 도대체로는 모르겠고요. 저는 낙땡이 안 가거든요? 그러면 이렇게 하셔도 무관하세요 뭐.. 지금 의심이 들기 때문에 여기에 대해서 조사에 자체의 응하기 싫다 이렇게 말씀하시는거잖아요 그럼 나오셔서 조사받으셔도 무언가 나은 것 같아요  사건에 대해서 제가 이산호 검사입니다. 저는 서울 나무 직원 등장받고 있습니다 이렇게 해명할 필요도 없고요 사건이라는 게 예고를 하고 찾아가지 않습니다. 부님과 상관없이 의지와 상관 없이 이 사건위에 열렸다고 말씀하시고 저도 알고 있어요 하지만 본인의 사건이기 때문에 여기에서 본인이 피해자인지 가야지 저는 그 부분 확인을 해야 될 뿐이지 저를 믿어주세요 여기라서 조사를 꼭 의미해야 된다  거기서 본인, 그렇다면 저희가 강압적으로 하진 않아요. 여기에서 몸이 도으시고 녹취조사에 응하지기 싫다 이렇게 말씀하시면은 저희가 소환증 발굴을 해드릴 테니까 그 시간에 나오셔서 조사받으셔도 무관하세요. 사실 이거 본인명의 핸드폰 아니세요? 이거 통신사 어디 이용하고 있어요? 혹시 이거 이해해? 뭐 혹시 명의로 개설된 다른 통신내서는 터널 존재할 수 있는 게 있으세요? 그러면 한계위에서만 이용하고 계시긴 했군요 그렇죠  이 선 본인명으로 개설되어 통신회선에 대해서 저희가 통신권 조회통에서 김성우 조직원과 모중의 연락이 있었는지 없었는지 먼저 확인 부탁드릴게요. 그다음에 수사관에게 진심을 해주시는 분인 재산권이지 않습니까? 신안은행, 우리에는 국민은행 기업네 이런 재산건에 대해 판 독조사가 이뤄질 겁니다. 이런 수사 과정에 있어서 분인께서 어떠한 혐음도 포착되지 않는다면 피해자 판정을 해드리고  피해자 인증서를 발견해 드릴 겁니다. 한마디로 오늘 투사실체가 피해자반정 후에 피해장인증소를 발급받는 이렇게 이해하시면 좀 이해하시기 쉬우실 것 같아요 아시겠죠?  자를 IP가 확인되거나, 공위를 한 IP가 확인했을 때 제가 풀퍼버프IP와 복지IP로 관주하여. 제가 IP 추천드릴 거니까 본인께서 인터넷 사용하지 마시라는 건데 카카오톡이나 페이스북 같은 것도 모두 인터넥에서 포함이 되잖아요 그죠? 네, 본인은 업무상이던 가족분들이든 중요한 메시지가 올 수가 있잖아요. 그 메시지를 답정 안 못 하겠지 않을 거예요 근데 알림천에는 수진천 모시고 되면 어떤 메시지는 왔다고 나오잖아요  자 근데 본인께서 답정하실거면은, 본인이 저한테 검사님 이런 이런 메시지가 왔습니다. 제가 답정을 좀 해낼 것 같습니다. 미리 미리 말씀을 해주시면 제가 아이픽 수집을 중단하고 답장하는 시간에 드릴 거기 때문에 아이피를 세차 겹치지 않게 그럼 저에게 미리 말씀드리라는 거에요 아시겠어요?",1.18,1.46
phishing,바로 이 목소리,13.wav," 잠깐 정차 가능하신 건가요? 같기를. 아 지금 보조 도로세요 그럼 본인 그 몇 분 정도나 이제 도착하세요 네 문자로 이제 저희 사무실 번호 말은 거죠 일단 제가 본인 그러시면 제가 일단 9시 반쯤에 왜냐하면 다른 피해자분들도 있기 때문에 저희가 뭐, 본인 시간을 이렇게 맞춰드리기가 힘들고 제가 본인이 이렇게 연락드려야 되는 부분이 있어요 그렇기 때문에  일단 제가 아홉시 반경에 연락 한번 다시 드리고 본인께서 이제 못 받으시면 제가 오쯤으로 연락 한 번 다시 드리도록 할게요 네, 운전 조심히 하세요. 그래서 본인께서 보호 과정의 자산이 없어지면 없습니다 이렇게 침수... 예를 들어 60에서 70 정도 100만 원이야. 50 정도로가 있지요. 계략 쪽으로만 침수래 주세요 먼저 고밀맹 입출 군부터 침수를 해주세요 그다음에 청약계자 침술로 해주세요  세고실이요. 네, 그다음에 이제 동역 입출금 진술해주세요 100만 원이요? 네 그 다음에 이제 신하는 애 지내주세요. 10만 원이 아예... 네 주단 지금 제가 연락드린 이유가 혹시 본인께서 이 두 통제에 대해서 대선하시고 2년주 일당에게 금전적인 대가를 받고 양도 판매하신 건 아니신지? 아 2년쯤 한 사람 몰라요 저는 그게 아니시면 지금 개인정보 입추기 인해서 명의료용 당하신 피해자분이신지  저희가 좀 확인하려고 연락드렸고요. 일단 이번 사건이 지금 3시 본인만 열리되어 있는 사건이 아닙니다. 전국적으로 약 200여 명이 넘기 16세는 사건입니다. 저희 또 어느 정도 피의자라고 보고 있는데, 검색쪽에는 마치자 이 사건과 무관피해자라는 증거자를 껍기 때문에 보니깐 간단하게 피의자 입증을 받으셔야 되세요.",0.68,0.72
phishing,수사기관 사칭형,188.mp3," 합법적으로 제거 개설한 거 통째로 말씀을 해드릴게요. 그럼 농협에 청약의 3천만 원이 있어요. 보니 빼갈 수 있어요? 아니요 저는 못 빼가죠. 빼 갈수있어요? 이런식으로요, 보니께서 보이십시 강할 때는 기자분은 비밀번호를 물어봐요. 이러한 것들은 한 번 이렇게 부르지 않아요  너무 영화나 또는 뉴스에 접해 보시는 사건들이요. 내용이 공개가 되지 않겠습니까? 회회를 하시는 분들이 많아요. 이번에 검색만 하셔도 되네요 서울 수황지검에서요. 발부하기 전에, 드너끼 발부 하기 전에는 항상 참의 연락을 취해요 그러면 제가 따로 경찰서 정문할 것 없이 고속장 5시에서 6시에 오는것만 주고 그러면 본인이 도와주시면 될 거였잖아요  살 수 있겠어요? 아니요. 일단 보라시니까 그 부분을 넣지 않고요. 네, 그 부분 외에 소환장 받아 보시고 따로 조사 받으세요 제가 도와드릴 테니깐 그 부분만 그럼 일단 오늘 달린 거는 고소구 발건은 그냥 그러면 제가 이유가 보는 거예요 아니에요. 고소구발건이 이제 소환장이기 때문에 출석을 하셔야 돼요 기절의 날짜 있어요 아 제가 출석해야 해요? 예, 원래는 모비우라고 보면 또는 오늘까지도 포함해요  안으로 추석하시면 되는데요. 네, 싫어. 받으실 거예요 오늘 내방 불가능 하시죠? 음... 가능하긴 한데... 가능하신요. 오늘하고 내일 지금 최정정사 좀 받으실 거고요 나중에 조사를 하는 과정에서 뭐 최정호가 계속적으로 우기게 되면 만약에 통장을 진짜로 형도 민망해줬다가 거기서 만나지 않았냐 이런 식으로 계속 걷을 짓으러 할거예요 그러면 잘 대처를 해야 될 거 아니에요 근데 여성분들 다 대처로 못하세요 그렇죠  그렇기 때문에 제가 독실을 하는 거예요. 그럼 제가 공장에 만날 일이 없어요? 제가 조치를 해드린다면 이제 만날 일은 없죠, 범죄자들하고 본인 출석 요구하기 전에요. 그 전에 저번에 비키지 전에 통신기록 전부 다 조회를 했어요. 셔밍점이 없는데 통장이 사건 현장에서 발견했다고 이게 법적에서는 증거물 품들을 요구해요. 지금 현재 본인이... 네 잘한다. 근데 보니 피해자라는 증거물보 어디 있어요  없죠. 그거를 지금 역시를 해서 증거 목푼들을 확보를 하는 거예요 저희가 일단은 본 계산 현금 200만 원 받으신 적이 있어요 없어요. 200만원이요? 아니요. 지속에 들어간 적도 없는데 통장으로 이제 받은 것이 아니라 직접적으로 현금으로 받아보신 적이 없어요 사람이 이렇게 진술을 했어요. 네, 직접 만나서  그리고 본인의 영으로 압수가 되어 있는 하나하나 국국민의 배빈통장 안에는요, 약 8200만원에 불법자금 예측을 매지 있습니다. 아 전혀 모를 수 있는 자금 맞으시죠? 네 지금 혹시라도 이 사람들이 통장 휴면 계자로부터 개인정보를 빼돌릴 수가 있어요 그런데 간혹 잃어버리셔서 이추리 되시는 경우도 있거든요 최근 3년 사이에 신문증이나 또는 개인 정보가 담긴 물건을 분실하시거나 도난당 하신죠  핸드폰 진실한 적 있거든? 핸드본도 개인정 뭐예요 신형카드, 치크카드 여업고 핸드는 전부 다 포함이 있는데 핸들폼에 스킨핑 있었거든요 아이고야 비위를 못 걸어놓으셨어요 네 암호를 걸어 놓긴 했는데 그 삭제를 다 하게 했었거든요 온라인으로 핸드를 연결해서 삭제해 돼가지고 그리고 이제 통장도 그냥 앨범을 하는게 아니고 따로 지휘알로 걸어놓고 했는데 그게 어차피 된지 몰라서 혹시나 하고 지금 말씀 드리는거에요  핸드폰 분실하셨는데 다른것들은 잃어버린적 없으세요? 뭐 치크카드나 신문증이나 운전메일지 치크 카드는 많이 잃어 버렸어요 치크카트 많이 잊었는데요 네 근데 하나 카드는 잃어첄린 적 없고 그.. 비윙카드? 신용카드 아닌가요? 아 비윗맨 카드 말고 우리의 랜카츄 우리의 맨 카드를 안쓰는데도 저 학생이라서 신용 카드 발급이 안되더라구요 치크가드라 말이죠 우리의 치크에 의해 치크파드 치크까드 우리야낭말고 하는 분들 제시한거 있어요 뭐 이 치크캐드 분실도 하셨는데 이때 사용된 금액 있었어요 없었어요  없었어요. 아마 동시에 할 때 제가 마지막에 있으면 말곤 없었거든요. 연예인 거 자주 강만 안 하실 것 같은데 학생분이라서 전혀 없을 거예요 그런데 cd기 그러니까 hmb에서 안내운서 한 번이라도 최근에 들어보셨어요? 이런 점점 있어요 어...최근 자동화 기계 카드 복제기를 복척해서 부다기로 개인정보나 카드를... 아 네네 일단 드릴게요 네 들어봤어요  그런 식으로 체크카드 분실하시기 때문에요 카드 복제기에 있어서 본인의 개인정보들이 빼돌릴 수가 있어요. 상추 시켰다고 하자면 이미 빠져버려는 개인 정보 를 복구할 수 없습니다. 그런 부분들을 분싫하게 되면 웬만하시면 정지를 시켜 놓은다거나 아니면 따로 계좌를 충성으로 하세요. 은행식이 욕을 해서. 일단 이거 외에는 전부 다 없으시죠 다른 것들은? 네  그리고 이번 사건 제가 말씀드렸다시피 본인 뿐만 아니라 800분이 여유가 되어 있어요. 아, 800분만 여유가되어 있는데? 세상에, 사회적으로 고도를 안 했어요? 몇 명의 분들을 고소고발 당하신 분도 있고요. 본인이처럼 그냥 명의만 도용당하시는 분들이 있으세요 근데 보니 특별히 있으세요. 구소고발도 나이에게... 나이가만해서 받으신 거 보니까 왜냐하면 학생분들이 정확하게 계작건들을 개인정부나 이런 것들 잘 보고 하지 않아서  자, 교육이 많이 되요. 800분에 계시는데요. 학원 중에는 몇 명 소스는 생활고가 힘들어서 일정금액을 받고 고의적으로 총장 양도하신 분들이 있다고 고지해 드렸어요 본인께서는 집주 쪽으로 없으시죠? 네, 전혀 없어요 하지만 이 사건 현장에서 본인명의로 된 통장이 발개인이 되었습니다. 본인께도 양도하셨던 지 아니면 판매를 하셨든지 안 하셨다고 해서 그래서 이 사건에 대해 증오하고 있기 때문에  키 의자에 가까운 신분이되요 어떻게 보시게 되면 범죄자의 신분이 가까우신 분이시라고 보면 근데 지금은 저희가 피의자로 이렇게 호칭하고 있는 것이 아니라 상고인이라고 호칵하고 있어요 중립적인 인사 아직 첨위점이 완벽하게 발견되지 않으신 분들 이런 문제라니도 제가 피해자 입증을 시켜드릴 거예요 본도 포함이에요 이거는 피해자를 시켜 드려면 증거 물품들이 있어야 되죠 증거물품들 제가 녹시를 한다고 했어요  네, 이것부터 확실해 주시고요. 그런데 지금 조금 주의 잡음이 섞여요 녹취가 이루어질 때는 법원에서 틀 자료예요. 녹취를 받는 도수에 위증한다거나 은닉 씨 공범으로 간주되어 가정 처범이 제품을 갈구할 수도 있고요 아, 녹쯔 중에 주의잡음이 너무 많이 섞인다거나 제 3자의 목소리가 섞인다나 대화를 하실 수가 없습니다 왜냐? 법정에서는 본인이 욕성만이 증거자로 영도해요 조용한 공간에서 이제 조금  전화를 받으실 거예요 지금 학교시죠? 아니요 아 저 대학생이구요 네 그냥 집인데요 자켓이셨어요? 네 본인이 아버님이나 어머님이 지금 현재 계세요? 어 네 어머니 어머니 또 이제 어머님 목소리도 저희가 육성만원은 어머니다 아니면 판단할 수 없죠 그렇기 때문에 나 방에 들어가서 잠깐 욕질을 받을게요 어머니한테 발설하시면 안 돼요 또 본인 그렇다고 해서  이번 사건은 아직 시결이 되기 신기하지 않기 때문에 어머니가 보호자인데요? 그 보호자라는 게요 법 안에서는 변호사 주제를 말씀해 드리는 거에요. 박적 대리님은요 그냥 어머니는 변호사들 선임을 해주시는 분이에요 그냥 아마도요 네 이번 사건조건 발설 하지 마시고 조금 조용한 공간에서 지송화 상태만 유지하실게요 방으로 가셨어요 네 어떤 방이었어요  아 혹시 어머니께서 통화하고 있는 중에 욕치중에 너 두부랑 통화하니 이러면서 방문을 연다면 뭐라고 하실래요? 뭐 뭐라 그래요? 응 뭐라 하실 거예요 직업에서 전화해서 김지영 씨도 한다고 통화 하고 있다고 할 거에요 그럼 뭐라 그래 잠시 준비할 통화가 하고 있다 학교 선배라 이렇게만 말씀하실거예요 그리고 제가 나중에 공무장과 함께 어머니께 3개월 해드릴거예요 해명 그전까지는 항구해 하실거에요  이해 되셨어요? 안 되셨어요. 이해는 안 가는데 그렇게까지 해야 되는지 저는 모르겠거든요. 만약에 어머니 지인분들 중에 은행사 직원이나 카드 사태 법치 직원이 한두 분은 있을 거예요. 은행산 직원들로 맞서 나기로 어머니께서 내 딸이 이러한 전화를 받았는데 이런 조사를 받고 있냐, 없냐 그쪽 은행을 무사하냐, 무사하지 않느냐 이렇게 대화하실 거예요 장난식으로 만약에 그 사람들이 다른 사회인 은행산들한테 발설을 했어요. 발설방학  소문을 들으신 의회사 직원이 불량상의 회사 직원이다 그러면 어떻게 할까요 도주하겠죠? 도주할 때 그냥 도주해요? 높이 자금 있어야 되겠죠 본인처럼 개인적으로 가지고 있는 사람이나 본인 처럼 본인은 뭐 자산이 많이 있는지 없는 지 몰라요 근데 자산에 많은 신 분들이 지나는 사람이 피를 입을 수가 있어요 그런 점 때문에 항둘해 달라는 거예요 그리고 저희가 문서 같은 거나 또는 저희 헤맹했다고 하잖아요 그래서 사건 정보를 드리면 그 전까지만  계속해서 평생 통과 한 거 하지 말고 이번 사건 전결이 되고 본인 자택으로 피자 입증을 확인하시게 되면 그때 해명을 도와드릴 거예요. 그전까지 항구해달라는 거예요 그리고 지지적으로 직업에 내방할 건데 그땐 아실 거 아니에요? 그전 까지 항구 해 달라는 거예요 저희가 문서 받아보시기 전에까지 제가 어디 나가야 해서 빨리 해주시래요? 어디 나갔는데요? 지금 근처 카페의 친구 하나로 나갈 거거든요  아, 알겠어요. 빨리 해드릴게요. 사건번호 2017초사 1-2007성은 명의동의 상인화권 녹치를 시작하도록 하겠습니다 이 사건에 대해서 찾아가는 또는 공공기관에서는요 개인정보 보호법 의거 본인이 주민으로 보노라 은행권에게자 번호 BJP미로 인해 일본어 이러한 개인정보들은 물어보지 않아요. 아시겠죠? 네. 다 같이 주의하세요. 일본어로. 일본어 부러 보니까.  빨리 진행하라고 했으니까 빨리 진행할게요. 현재 어떤 일이 종사하고 계시시면 종사 기간은 어느 정도 되십니까? 거의 학생이시니까 어디 학교에 제약 중 있으신 것만 진술하시면 돼요. 학생인데 지금 수학생이고요 영화가의 알바지에요? 네, 수학팀을 한 3년 정도 됐어요. 아, 수업팀? 알바지고? 극장이요? 네! 극장이 밟아야 해요. 어... 극장을 어떻게 밟아볼까? 아니요 그냥 다 로테일 정본모임  네. 알겠습니다. 2년 넘었어요. 4대 부분 들어갔어요? 근데 저희가 요구하는 4대 몸이셨느냐, 제가 말씀드린 4대 무리입니다. 이거랑은 별길거에요. 아일로드의 4대 봄은 10% 이상 뺏지는 않으실 거에요 본인 맞으시죠? 얼마 정도 소액을 뗐실 거예요? 네. 본인이 최근 블뿌뚜 박사이트 가입도는 이용하신 적 있으시지요? 아니 없어요  중고나라에서 어떤 물건을 판매하시거나 돈을 구매하신 적 없어요? 전역하기 없네요 제가 가전에 간략하게 설명해드렸죠 토토에서는 본인의 통장 하나하나 통장이 거의 충전소는 환정기대로 사용이 되었고요 중고 나라에선은 명품가방, 골프체, 접구한 부분을 팜매한다고 올려놓고요 물건으로 건네지지 않고 본인 이름으로 통장을 두툼터마 판매힐 대금 받았어요 이래서 불법자금을 취직하였고요  그리고 몇몇 분들은 배종을 받으셨는데 알잖아요. 본인이 스제이 기찌나 잣당 두 번에 많이 보내는 거 사기 당하면. 그런거 한 번도 안 해봤어요? 다 몰랐어요 이런 식으로 국민의힘 송장이 북부초로 사용되었어요 그래서 여기에서 고속어발이 접수가 되신 거고 이 거 다 대응하셔야 돼요, 본인 전라도 광주 출신 남성 42세 최선우 전역 오르시는 분 맞으세요? 네 2015년 8월 17일 경기도 광명시 철산지점에서 우리 은행하고 우리은행이 아니죠  하나하나가하고 군미는 법인통상 본인이 직접 계산하셨어요? 계산하지 않았어요. 계산 안 했어요. 현재 본인명으로 압수가 돼 두 점에 대해 포통장이 있단 말이에요. 하나하나라고. 이거는 동결 처리가 되어 있는 상태예요. 동결처리 의미 알고 계세요, 모르고 계세요? 몰라요! 모르시죠 지금 제가 뭐라고 했어요 아까 전에 8200만 원의 불법자금이 지급되기 있다고 했었죠 그렇기 때문에 범죄 수익공을 더 이상 악용되지 않도록 지급정지 요청을 해놓은 거예요. 아 그래요. 막아라 당울이예요  현재 압수가 된 풍장에는 불법사기 관련자 8200만 원은 본인이 전혀 모르시는 자금이라고 하셨어요 저에게 맞습니까? 네 그러면 이거는 오늘 조사를 할 거예요. 한수에 판결이 되겠죠. 판결 확정 이후에는 국구로 환수가 되거나 또는 피해자분들에게 지급될 거에요. 이 주택법 자금에 대해서 차후 불만이다 이 얘기 하지 않겠습니까? 보냅시다. 네. 상관이 없는 돈인데? 음...맞습니다.  지금 이 범죄자들이 아직까지도 개인정보를 가지고 있는 말이에요. 본인 거를? 네 그럼 뭐할까요, 개인 정보가가지고 또다란 대포통장 만들겠죠 또다랏대포 통장으로 인해서 또다람 고소고발건이 성립될 수가 있습니다 그렇기 때문에 이런 것들을 피해 방지하고자 제가 자산설정을 좋아 드릴 거예요 자산 설정이 무엇이냐면 본인이 농업을 상화하신다 농업에 적금이나 출구 있으실 거에요 이건 합법적인 제작권 맞으시죠  본인이 만들던 것과 불법자들이 만든 것이 아니라 어떤가요? 그러니까 만약에 예를 들어서요, 그니까 농역의 접금이나 이 측은 통장에 있다 안 되셨다. 그럼 이거 합법적인 자산이 맞으시죠? 네, 맞습니다 그러면 이런 것들 진술 받을 거예요 그리고 이외에 추가적으로 비자권들이 발생되신다면 그건 본인께서 만드신 것이 아니라 독비 주위에는 채성 일당들이 맞는 거겠죠  그렇기 때문에 그 부분을 통결출해하고 예지된 자금, 저희가 환수로 할 거예요. 저쪽으로. 네 좋습니다요? 1차적으로 보호 받으실 본인께서 합법적으로 만드신 계작권이 어디어디 진술에 맞을 거에요 뭐 계작원이나 비밀번호 이런 것들을 말하는 게 아니에요. 네. 왜요? 행권방정상은 아니죠? 가지고 있는 운영이 다요? 네. 국내으로랑 하나하나는 운예요? 하나 우리 맞으시죠? 네 신용카드 사용하고 계세요 보니? 안녕 대추  받으신 적 있으세요? 안 잡으시나요? 학자금도 없어지죠? 네, 학자금 대지에 잡은 거 같아요 라이너스 통장을 없어요 피트코인 들어보셨죠? 아 네! 피트 코인이 구매하셨어요 혹시? 아니요 연취의 내용이 있으신가요? 미란 여구미 나 핸드폰에서나 아니면 따로 의뢰권에서? 아니야 그런 건 없으시죠? 네! 국립행으로 하나하네 우리 은행위는 합법적으로 보니까 개설하신 계작권이 어떠한 형태로 있는 지지들 가 될 거예요  제가 상피 같은 경우에는요. 입출금, 적금 예금 청약 주식 펀드 기장 시임이 이런 것들을 진술을 해야되는 거예요. 네 말하고 싶습니다. 국민대생이면 어떠한 영태로 계세여있네요? 그냥 예금? 어..입출금? 네. 그거를 갖게 되죠. 네? 체크카드 달아인이 되신 거. 네. 네 개설이 된거 이거는 체크 카드를 본 소재하고 계세요 지금 현재? 네! 응 소재 하고 계시고 이건 언제 계절하셨어요? 자 그런 양념적으로 뭐 2년 전 3년전 이렇게 말씀 하시면 돼요 한 4년 전... 어 4년전  학생 때 만드셨다? 네, 딱 학교 졸업하고. 고등학생도 졸고 갔는데. 하나는 얼마나 정도? 어떠한 행수로 있으세요? 이것도 예금치고... 이 지구? 이거는 한 1년 안 되셨어요? 어..1년 안 됐죠? 1년만 사용하신 거예요 그러면? 10개월 정도 되셨나요? 그럼 10개월부터 되셨네요? 한 6월인가 5월에 대답했거든요. 5월? 5월쯤인가 4월쇼가 대답하겠어요. 5라우 4월정도 시면 7-8개월 되셨습니다  2개월 정도 되셨네요. 8개월에서 9개월 사이... 아, 셀크카드는 가지고 계세요? 셀크빌드 네! 뭐 우리 연예인은요? 우리 연애인도 가지고 있어요. 6주구? 네! 셀카가 가지고 계시잖아요. 이 지설날짜는요 3년전. 이외에는 국민의 뇌하고 하나하나 입술 구매는 적금이나 청약 주식 펀드 기자 시임에 이런 것으로 없으시죠? 예 어머니께서 만들어주실 수도 있을 것 같은데 한 번 더 들어보신 적이 있으세요 뭐야  청약이나 이런 것들 딸 결혼자금이라고 하는 거 아니에요? 그건 모르시고, 헌명으로 계설을 하느냐 안 했냐 그걸 물어보는 거예요? 그니까 다 모르겠어요. 그럼 정확히 모르시라고 들어보신 적도 없으시고 그러면 국민의행하고 하나하네 또는 우리의 행위에 H&M 자금이 있을거예요. 현시점 기준 제가 현시전기준대로 계좌 추정할 건데요 돈세탁이라는 단어 들어보셨죠? 네  어떤 통장을 할까요? 합법적인 통장으로 하겠죠. 이 사람들이 불포착하고 그러면 이럴 참고한 신분들이 소재하고 있는 통장어로부터 예치금액을 넣어 놓거나 돈은 본인 자금하고 박같이 한다거나 이러시는 경우가 많아요. 저희가 기세추적을 해서 주장이 되어 있다, 안 되어있다 또는 그 만큼 내역이 있어 판단할 거예요. 현 시점 기준으로 100만 원의 예치 금액이 있다 그런 80에서 100에 지수해 주시면 돼요. 제가 계제 추측을 통해서 100만원이 아니라  800만 원 있다 이러시면 100만원 지수를 받았잖아요 저희는. 네 알겠습니다. 100만 원은 보호조차 할 거고 700만 원을 저희가 조사를 할 거예요 압수위를 해서 압수로 해서 이 조사 한 후에 어머니께서 뭐 얼마 정도 용돈 넣어주신거다 이런 거는 이제 다시 돌려줄 거고요 그게 아니라면 불법자들이 자금이라면 저희가 국구를 압수를 할 거예요 아시겠죠? 네 군미 있는 이친공송 4년 전에 개떨어진 것 지금 현재 예측을 해  예, 대략적으로 말씀하시면 돼요 제가 말씀드렸던 것처럼 100만원이예요 그럼 80에서 100 이렇게 5차반에 크게 나지 않도록 9만원? 네 9만 원 정도 그러면 1하나는요? 얼마인지 모르겠는데 4만원인가 5만원 4만원이 또 5만 원 아 그리고 우리 이름은요 8천원? 원래는 이거는 만원 이하는요 전국 없다고 판단을 해드리기 때문에 8천원만 더 해드릴게요 곧 나이 가만해서 8천원도 돈이잖아요 빨리 봐주시고 지켜주시잖아요  그러면 제가 진술을 받았어요 본인 금융권에 대해서 이 부분에서 뭐 진술 본부가실 내용이거나 또는 다른 내용 있으신가요? 아니 없어요. 아 제 생각하시기요? 네 그럼 만약에 주사 결과, 본인 진술의 사실과 다를 경우 사기방조체, 염릭제, 위생제 성리들다는 점 고지해드릴게요. 바쁘다고 해서 그냥 대략적으로 계속적으로 봐요 빨리 대랶으로 해 드렸어요. 네 안 되겠죠. 무슨 말인지 알겠어요  일단은 본인께서 오늘 내 방이 좀 불가능하실 거예요 네 그러면 내일은 가능하세요? 네, 내일 갈게요. 네, 가능하고요. 그러면 시간을 제가 축구 잡아드릴게요. 내일 안 되실 것 같아요 등단검사님 내일 조사 못 할 거 같고 금일하고 월요일날 출소하시는 게 제일 편안할 것 같아요 그냥 본인이 아 금요일 말해야 돼요  한 번 출석하실 때마다 금요일날은 4시간 정도 두다 받으실 거예요. 10시부터 2시까지. 저녁일이고 5장 10시부터야? 네, 5전 9장이죠. 오우 말씀해 드면 게 아니고. 그리고 오를날 같은 경우에는 9시부터 이제 3시까지 6시간. 그 날아주 가고 월요일아주가야 돼요? 일단 본인 통장으로 피해보신 분들이 있잖아요 그분들 중에 몇몇 분들을 진짜  계속적으로 만나고 싶어 하시는 분들이 있을 거예요. 그래서 오늘이나 또 내일 이렇게 보낼 거에요. 24일에 24일로 나오거든요. 이 분 이제 피해가 입힐 건데 대면하시겠냐 안 하시겠냐를 지추적으로 대면하신다고 하시면 대만 하셔야 돼요. 요거 상을 드려드려야 해요. 혹시라도 그날 월요일내 부득이야기 못 오신 분들 있을 거예요 네 22분 다 전부다 오는 거 아니에요 몇 명씩 분도 많이 알아봐요 알바라 하고 있어서 알바 시간주가 일찍 나가게 나오거든요  2.2%까지만 안 나오니까 다음 시간에 어떻게 군무 들어가는지 정확하게 몰라서 그러면 금요일 날이죠? 네, 기절할 때가 되셔서 그 부분 조금 조정을 도와드릴게요 본인이 지금 이게 조금 수상해서 그러는데요 혹시 남자친구 부분이 있으세요? 아니 없으시죠? 예 전에 남자친구분이 있으셨죠? 아니에요? 없으셨어요? 네 그러셨어요? 대부분 여성분들이 이 토스트 사이트 잘 이용 안 하시는데 남자분들이 여자친구 거 가입하거나 이용하시는  사람들이 막 안아요 그래서 한번 여쭤보는 거예요. 진짜로 토토 이런 것도 사용했는지 확인하기 위해서. 남자친구가 한 번도 없었어? 일단 알겠습니다 본인이 지하시다가 끝났어요 그렇기 때문에 자택에서 피해자 있지, 확인만 받아보시면 돼요 네... 그거만 제가... 네, 그거 근데 그날 가게 되면은 뭐지? 병사서 가게되면 어디로 갈지? 경찰서가요 아니시고 서울 중앙 지방검찰청이에요 검찰청  그러면 오늘까지 하실까요? 아니요. 보니 제가 출소 알아드로 조금 도와드릴까요? 지금 검사님 잠깐 자룬 날 오기는데 금요일에 못하실 수 있다고 하니까 만약에 그냥 그런 부분이 있으면 저희가 조금 세계를 해 드릴 거거든요. 아니요, 금요일날 갈 수 있어요! 아니..검사님께 시간을 좀 해드리게... 아아... 본인 그 카카오톡 한 번 들어가보네요. 카캉옷도 한번 들어가보셨죠? 네!! 그러면 친구 목록이 보시게 되면  우측 하단쪽에 플러스 모양 있을 거예요 사람 모양으로. 아, 잠시만요 뭐라고요? 우츙 하단 쪽에 보시게 되면 요 노란색으로 사람 모양 플러스모양 있으세요 네 거기에 친구 추가 좀 하실게요 클릭하시기때면 카카오토 아이디 친구 추가 있거든요 네 클릭 하시고 못해주신거에요 아니면 안되시는거예요? 사람 모양이요? 네 사람 모양이든 플러스���양이 또 친구 목록이 있어요 자틀 상관 지금 맨옥 왼쪽 보시기 때문에 친구들 먹는 거 있죠 이름  클릭하시고 5축 하단에 보시게 된 플러스 모양이 있어요. 노란색으로 네 거기다 뭐라고 해요? 아 카카오도 아이디 친구취가 클릭 하셨어요? 잘 모르겠는데 일단 클릭을 한 것 같아요 그러시면요 SPO100 하나 검증 한번 해보세요 SPO 1001 SPO1000입니다 네 검증하셨어요? 네, 검증 하셨다면 이제 저희  서울중앙지방검사 좀 쓰시죠? 네. 네. 아까 그 한 번 클릭하시고요. 네! 어...클릭 하셨어요? 추가하셨어요? 네, 추가하셨어요. 아니요 이거 추가해서 뭐해요? 추가했어요 몇 가지 보내주실 게 있어요 그녀래 저희가 조사 안 하잖아요 네, 조사안 하세요 이제 참석.. 참작해드릴 테니까 잠깐 전자야 이것 조금 서류를 보내시고 해요 아 본인 카카오톡 내용으로요 본인 성함 한번만 보내줘게요  그리고 9002호 안건다고 보내주시고 저 그냥 찾아갈건데? 아니 제이가 시간이 안되서 그러는거에요 저희가 도와드리려고 그냥 월요일만 출석하도록 도완드리려구 그리고 만약에 월일간도 시간이 안드시거나 이러시기때면요 제가 조금 좋아드릴거예요 본님 저 지치해드릴거에요 근데 고소장에 이게 7.3칸 시인 날자가 적힌다면? 그거 나오시는데요 만약에 배정받으신 검사님께서 다리를 대우시는다든지 회의해 들어 가시기 때문에요 본인들은 계속적으로 기다리실 거에요  그런 부분은 조금 가만히 있어서 아직 피자가 아니잖아요",7.57,7.78
phishing,수사기관 사칭형,220-1.wav," 저희 쪽에서 전반적인 내용 조사의 본결과로는 지 같은 경우에는 동일 정가도 쓰시고 신문도 확신하시고 1차적으로 회미점이 보이지 않으세요. 그런데 저희 검찰 수사를 하는 게 저희가 심지어 하나만으로 피해자다, 가해자 다 이렇게 분류를 할 수 없는 상황입니다 그렇기 때문에 일단 피해자를 통해 일종조사가 진행될 거예요 이 피해져 입증조사는 본인에게 1차적인 회미데믹이 없었기때문에 진행되는 거고 추후에  혐의점이 발견된다면 그때는 직접 출석을 하셔서 저희 직원 쪽으로 출석하셔서 그때 조사를 받으셔야 되는 게 현실입니다. 이하셨고요. 그리고 피해자 일주일 주사 전반적인 과정은 녹취로서 진행이 됩니다. 이 녹취는 본인을 대신해서 법원에 제출 될 증거자료기 때문에 주의자국이나 본인 아닌 저희 삼지아의 목소리가 섞여야 할 경우에는 증거자를 오뤘어요. 회복 발생이 어려운 부분이 있고요. 그리고 녹쯰라고 해서 크게 변하는 거 없고  아까 제가 드렸던 질문을 그대로 녹취에 담을 겁니다. 수사 철차 사항 한 거니까 협조 좀 잘해주시고",0.33,0.67
phishing,수사기관 사칭형,221-4.wav, 본인 앞으로 몇 가지 환상 때문에 인하드렸는데요. 혹시 김인수라고 아시는 분이십니다? 왜 나시면 지난주에 김인수 이 사람을 검거했는데요. 농구 현장의 대략이 신용카드 오대포통장이 앞냈는데 그 중에 본인이 명예로 된 농예오분회하고 신앙은행 통장님 발견두신 겁니다. 계단에 대해서 하시는지 연합드린겁니다.  본인 사회원 은행 계산이 있어 보는 거 아니고요. 본인이 명의로든 농기업은의하고 신하는 불포 동장이 발견되어 주셔서 인사드린 겁니다.,0.31,0.49
normal,상품 가입 및 해지,[수정]20210202 120201.mp3," 입출금 동장 관련 문의들입니다. 입출 금 통장도 이자가 얼마 정도 되나요? 통장의 종류마다 조금씩 상의합니다. 통장마다 이자율이 다른가요? 네, 통장에 목적 및 용도에 따라 서비스 범위와 이자율 차이가 있습니다 어떤 통장이 이자 가 제일 좋은까요? 이자 으만 보면 0000통장이 현재 가장 좋습니다  이율이 얼마나 되는데요? 현재 연간의 율은 1.8%입니다 변동금위인가요 네 맞습니다 누구나 가입 가능한가요? 네, 누구나가 입 가능하십니다 이제는 개설하면 바로 품 나요 물론이죠 입출금도 자유롭게 되는거지요 네 물론 입니다 인터넷 뱅킹도 이용 가능하나요  네 가입하셔야 합니다 알겠습니다",0.35,0.51
normal,상품 가입 및 해지,[수정]20210203 235700.mp3," 안녕하세요. 골프 보험이 있다고 하던데요? 네, 골프로고음 있습니다. 곰프 보헌은 어떻게 가입해요? 당사 홈페이지에서 가입하시면 됩니다 전화로는 가입이 안 되나요? 네! 홈 페이지에서만 가입 가능합니다 기간은 얼마나 되나요 1년 만기 상품입니다. 만기 후에 제가 입을 해야 되는 거예요? 네 그렇습니다  보급은 보장 내용 알 수 있나요? 대상 책임 상의 사망 등이 보잡됩니다. 홀인원 하면 돈 주는 것도 있던데요 네, 홀리는 또 부장됩니다 홀이는 하면 얼마나 주나요? 5천만 원까지 부장 됩니다 보음여는 얼마나 해요? 보잉 내용에 따라 보험금이 달라지기 때문에 정확한 안내는 어렵습니다. 그 페이지에 보면 보잭 내용이 자세히 남아있죠? 네 그렇습니다",0.35,0.58
normal,상품 가입 및 해지,[수정]20210202 141624.mp3," 공공첩금의 감사지금은요. 공공은액이 처음이시라면 고객님께 드리는 특별한 적금입니다. 금니는요? 연 최대 2.3% 입니다. 예적금 미 보유시에도 주나요 네, 연 1.1% 금리 줍니다. 예금자 보호되나요? 네 됩니다 가입 대상은요? 실명위 개인입니다. 정립금액은요 20만원 이하입니다  가입 기간은 12개월입니다. 이제 지급방법은 망기일시지급식입니다. 판매한도 있나요? 5만 개자 입니다 기본금니는 얼마인가요? 0.9%",0.34,0.49
normal,상품 가입 및 해지,[수정]20210205 155539.mp3," 청약저축에 가입하려고 합니다. 기존에 가지고 계신 청약 저축은 없으신가요? 네 없습니다. 조택청약자 축은 전금융기관 1인1개자만 가입이 가능합니다. 청약 동장의 가입 대상은 어떻게 되나요? 미성년자 국내 거주하는 제외 동포를 포함한 대한민국 국민은 가입을 가능합니다  외국인 거주자도 가입이 가능한가요? 외국인들도 가입할 수 있습니다. 주택을 소유하고 있어도, 가입은 가능합니다. 연령 제안은 없나요? 연령제안도 없습니다 청약 당첨이 된 이후로는 재가입이 안되나요? 재가 입은 가능하지만 당첨된 이후 5년간 청약을 하실수없습니다  청약 동작 가입하는 방법은 어떻게 해야 되나요? 은행에 방문하는 방법과 비대면으로 휴대폰 어플을 이용하는 방법이 있습니다. 가입 가능한 은행은 어디인가요? 공공, 공공은행, 공 공은행 등 대부분의 일금융권에서 가입이 가능합니다. 가 입시 필요한 사항은요? 신분증와 최소 나비 백인 2만 원만 준비하시면 됩니다",0.49,0.59
normal,이체 출금 대출서비스,[수정]20210130 170049.mp3," 안녕하세요. 공공은행입니다 전세자금 대출 받으려고요 연락하셨던 담당자가 있으신가요? 아니요, 처음 연락했습니다 전세 자금 대출 담당 부서로 연결해 드리겠습니다 알겠습니다 고객님! 담당부서 입니다 무엇을 소화 드릴까요? 전세작음 대출 받고 싶습니다  신혼 부부십니까? 아니요, 미혼입니다. 연봉은 어떻게 드시나요? 5천만 원 정도 받습니다 전세자금 담보인 곳은 어디 인가요? 부산 강역시 서면 0000 아파트 입니다 얼마나 대출이 필요하신가요? 1억 정도 받으려고 합니다 잠시 조회 후 말씀드리겠습니다  알겠습니다. 미온이시고 연봉과 아파트 시세를 확인한 결과 한도가 이어가지 가능하십니다 그럼 어떻게 진행하면 되나요? 피조 서류 가지고 가까운 지점으로 내방해 주시기 바랍니다",0.53,0.51
normal,이체 출금 대출서비스,[수정]20210128 203022.mp3," 대출 문의들입니다. 네, 어떤 문의사항이신가요? 전세장금대출에 신청 가능식인 언제입니까? 상황에 따라 다릅니다 입주하셨나요? 예 계약서상 입주일과 주민등록 등분 상 전입 일 중 선 1저로부터 3개월 이내 가능하십니다. 입주전이면요? 입주전대출은 대출 취급일 이후  1개월 이내 입주하셔야 합니다. 만약 계약 갱신시는 어떻게 달라지나요? 주민등록 전입일로부터 3개월 이상 경과 후, 갱싱계약길로부터 3 개월 이 내에 가능하십니다 현재 타행전세 대출을 받고 있는데 이사를 하면서 추가로 전세대출을 받고 싶은데 가능한가요? 타행에서 전세자금대출을 갖고 있는 경우  추가 대출은 불가능합니다. 그럼 방법이 없나요? 저희 은행에서 대출을 받고자 하는 경우 신규 대출로 받으실 수 있습니다. 신규대출이면 기존 타행 대출 전액 상한 한 고라는 말인가요 네 그렇습니다. 그럼 타은행과 대출금 상한 후, 신규의 대출로 받게 되면 자격 조건은 터퀴되나요  타은행과 자격 조건은 달라지실 수 있습니다. 네, 잘 알겠습니다",0.54,0.7
normal,이체 출금 대출서비스,[수정]20210126 152326.mp3," 아파트 담보 대출을 문의드릴 수 있나요? 안녕하세요, 고객님. 아파트담보대출 말씀이신가요? 네! 지금 살고 있는 아파트를 담보로 대출 받고 싶습니다. 지금 거주하고 계신 주소를 알려주실 수 있나여? 재정광역시 서구 둔상동 공공아파트입니다 몇 동? 몇 도시죠? 000000  말씀하신 주소지를 담보로 대출 가는 금액을 조회해 보겠습니다. 네, 최대로 가능한 금액은 알려주세요. 조회 결과에 해당하는 아파트의 시제는 2억으로 대출은 70%인 1억 4천까지 가능하신 것으로 조회됩니다. 반보대출은 신용 등급과 관계가 없나요?  신용 등급은 관계가 없으나 금리에는 역량이 있을 수 있습니다. 소득감도 관계화 있나요? 일정소득이 되지 않으면 대출인수심사에서 순인이 되지 않을 수 있습니다! 소득이 얼마 정도 되어야 하나요? 이 2인 가구 기준으로 연소득의 5천만 원 이상이 필요 조건입니다. 맞버리면 합산이 가능한가요?!  부부 관계를 증빙하시면 연소득을 합산하여 인정받으실 수 있습니다. 증빅 서류는 어떤 게 있나요? 가족관계증명서로 증빵 하실 수 있습니다",0.53,0.59
normal,잔고 및 거래내역,[수정]20210201 102432.mp3," 수고하십니다. 동장거래 내역 문이 들여도 됩니까? 네, 고객님 통장 거래내역 확인 도와드릴까요? 아니요 그게 아니라 동장 거래 내얽을 좀 수정할 순 없나요? 거래내역수정이요? 네 조금 삭제하고 싶은 게 있었어요. 고객 님 통장거래내에 역은 수정이나 삭제가 불가능 하십니 다  그럼 통장 한쪽을 찢어도 되는 건가요? 어떤 부분 때문에 그러시죠. 그래내역에 좀 찍히면 안 되는 게 있었어요 그래도 통장 거래 내역을 수정 삭제하실 순 없으십니다. 그럼 동장을 다시 받는다구나 하는 방법은 없나요? 통장 제일 밝음 말씀이신가요 네, 그렇게 하면 통장 내엽이 사라지나요  통장에 찍힌 거래 내역은 재발급 시 남아 있지 않게 됩니다. 그럼 제가 다시 확인하려고 해도 못 보는 건가요? 아니요, 은행의 요청 하시거나 인터넷으로 이전거래내역 조회는 가능하십니다 그래도 일단 동작 내 얘기 중요하니까 재발금을 어떻게 봤죠? 은행에 방문해 주시면 도와드리겠습니다  네, 그럼 은행에 방문할게요. 감사합니다.",0.51,0.61
normal,잔고 및 거래내역,[수정]20210203 145520.mp3," 공공은행입니다. 무엇을 도와 드릴까요, 고객님? 통장 항고를 확인할 수 있나요? 인터넷 뱅킹 앱을 이용하시나요? 아니요 그럼 고객센터를 이용해서 하는 방법으로 안내 드리겠습니다 네 먼저 고객님이 핸드폰 있으시죠? 네! 0000에 0000으로 전화를 것이고요 네 1번을 누르시면  상담원 분이 전화를 받으시고 친절하게 안내해드릴 겁니다. 네나만 하면 되나요? 네, 전화하시면 상담원분이 안내해 드릴 겁니다 또 다른 문의상 있으실까요? 아니요 없습니다 지금까지 상담먼 0000이었습니다",0.34,0.46
normal,잔고 및 거래내역,[수정]20210203 201836.mp3, 공공은행입니다. 무엇을 도와드릴까요? 기업통장의 거래 내역을 확인하고 싶습니다. 기업 통장에 거래 내역을 확인 하고 싶으시군요 네 가까운 영업점을 방문하시는 방법이 있고요 네 인터넷 뱅킹을 이용하는 방법이 있습니다 어떤 방법으로 안내 도와 드릴까요? 인터넵뱅 킹을 사용 하는 방법으로 해주세요  공인 인증서 있으신가요? 네. 인증서로구인을 하시고요. 기업 인터넷 뱅킹 탭에 들어가셔서 조회 메뉴에 입출금 거래 내역조회 메누 가시면 조회 가능합니다 그렇군요 또 다른 문의사항이 있으신까요? 아니요 지금까지 상담원 0000 이었습니다,0.35,0.5
